From,To,organ,timepoint
C4b,12268,BM,h6
Olfml3,99543,BM,h6
A1bg,117586,BM,h6
Iglc1,110785,BM,h6
Iglc2,110786,BM,h6
Iglc3,110787,BM,h6
Psapl1,76943,BM,h6
Cp,12870,BM,h6
Cgref1,68567,BM,h6
Il12a,16159,BM,h6
Il12b,16160,BM,h6
Tac1,21333,BM,h6
Fbln2,14115,BM,h6
Col18a1,12822,BM,h6
Smpd1,20597,BM,h6
Fbln5,23876,BM,h6
Fbln1,14114,BM,h6
F8,14069,BM,h6
Cmtm7,102545,BM,h6
Izumo4,71564,BM,h6
Loxl2,94352,BM,h6
Loxl1,16949,BM,h6
F9,14071,BM,h6
Cmtm8,70031,BM,h6
F7,14068,BM,h6
Pdcd6ip,18571,BM,h6
Egfr,13649,BM,h6
Lgi2,246316,BM,h6
Cmtm3,68119,BM,h6
Srgn,19073,BM,h6
Lgi3,213469,BM,h6
B2m,12010,BM,h6
Cmtm5,67272,BM,h6
F5,14067,BM,h6
App,11820,BM,h6
Prlr,19116,BM,h6
F3,14066,BM,h6
Plg,18815,BM,h6
F2,14061,BM,h6
Mzb1,69816,BM,h6
Xcl1,16963,BM,h6
Gpc4,14735,BM,h6
Olfm4,380924,BM,h6
Csf2,12981,BM,h6
Csf3,12985,BM,h6
Tuft1,22156,BM,h6
Gpc1,14733,BM,h6
Csf1,12977,BM,h6
Asah2,54447,BM,h6
Elane,50701,BM,h6
Asah1,11886,BM,h6
Ptx3,19288,BM,h6
Pxdn,69675,BM,h6
Gc,14473,BM,h6
Mettl9,59052,BM,h6
Il1rap,16180,BM,h6
Gnas,14683,BM,h6
Proc,19123,BM,h6
Pcolce2,76477,BM,h6
AY761184,382000,BM,h6
Efemp1,216616,BM,h6
Fam213a,70564,BM,h6
Pdgfc,54635,BM,h6
Spint1,20732,BM,h6
C8g,69379,BM,h6
Hamp2,66438,BM,h6
C8a,230558,BM,h6
C8b,110382,BM,h6
Pdgfb,18591,BM,h6
Pdgfa,18590,BM,h6
Proz,66901,BM,h6
Samd1,666704,BM,h6
Tnfrsf18,21936,BM,h6
Tnfrsf19,29820,BM,h6
Apcs,20219,BM,h6
Fgg,99571,BM,h6
Fgb,110135,BM,h6
Fga,14161,BM,h6
Apela,100038489,BM,h6
Gm14548,100038909,BM,h6
Dhrs11,192970,BM,h6
Il7r,16197,BM,h6
Pros1,19128,BM,h6
Vasn,246154,BM,h6
C9,12279,BM,h6
C3,12266,BM,h6
Sparcl1,13602,BM,h6
C6,12274,BM,h6
Apoc4,11425,BM,h6
Tnfrsf1b,21938,BM,h12
Apoc3,11814,BM,h12
Tnfrsf1a,21937,BM,h12
Ppbp,57349,BM,h12
Oit1,18300,BM,h12
Apoc1,11812,BM,h12
Apoc2,11813,BM,h12
Ibsp,15891,BM,h12
Oit3,18302,BM,h12
C2,12263,BM,h12
Tinag,26944,BM,h12
Ngp,18054,BM,h12
Pgf,18654,BM,h12
Ecm1,13601,BM,h12
Ecm2,407800,BM,h12
Amy1,11722,BM,h12
Kng1,16644,BM,h12
Kng2,385643,BM,h12
Glb1l2,244757,BM,h12
Il4i1,14204,BM,h12
Pirb,18733,BM,h12
Mbl2,17195,BM,h12
Mbl1,17194,BM,h12
Cd209d,170779,BM,h12
Cd209b,69165,BM,h12
Xdh,22436,BM,h12
Cd209a,170786,BM,h12
Kl,16591,BM,h12
Mup20,381530,BM,h12
Insl5,23919,BM,h12
Dcn,13179,BM,h12
Ighg2b,16016,BM,h12
Txndc16,70561,BM,h12
Hmgb1,15289,BM,h12
Hmgb2,97165,BM,h12
Gpi1,14751,BM,h12
Insl6,27356,BM,h12
Jam3,83964,BM,h12
Tek,21687,BM,h12
Isg15,100038882,BM,h12
Mup12,100039054,BM,h12
Prf1,18646,BM,h12
Mup11,100039028,BM,h12
Mup17,100039206,BM,h12
Plau,18792,BM,h12
Fgf18,14172,BM,h12
Pf4,56744,BM,h12
Rnaset2a,100037283,BM,h12
Smpdl3a,57319,BM,h12
Rnaset2b,68195,BM,h12
Smpdl3b,100340,BM,h12
Ear6,93719,BM,h12
Pamr1,210622,BM,h12
Plat,18791,BM,h12
Prss16,54373,BM,h12
Fndc5,384061,BM,h12
Ear2,13587,BM,h12
Fndc4,64339,BM,h12
Lbp,16803,BM,h12
Ear1,13586,BM,h12
Prg4,96875,BM,h12
Prg3,53856,BM,h12
Ltbp1,268977,BM,h12
Ltbp4,108075,BM,h12
Il1rl1,17082,BM,h12
Ltbp2,16997,BM,h12
Hamp,84506,BM,h12
Aimp1,13722,BM,h12
Prss23,76453,BM,h12
Fgfr2,14183,BM,h12
Fgfr4,14186,BM,h12
Fgfr3,14184,BM,h12
Prss27,213171,BM,h12
Glb1l,74577,BM,h12
Prtn3,19152,BM,h12
Sdf2,20316,BM,h12
Thnsl2,232078,BM,h12
Nenf,66208,BM,h12
Vip,22353,BM,h12
Coch,12810,BM,h12
Milr1,380732,BM,h12
Il15,16168,BM,h12
Il1rn,16181,BM,h12
Ptprz1,19283,BM,h12
Ppib,19035,BM,h12
Sdc1,20969,BM,h12
Ppia,268373,BM,h12
Il10,16153,BM,h12
Retnlb,57263,BM,h12
Retnla,57262,BM,h12
Hc,15139,BM,h12
Napsa,16541,BM,h12
Pam,18484,BM,h12
Gm15292,100041787,BM,h12
Il19,329244,BM,h12
Retnlg,245195,BM,h12
Il18,16173,BM,h12
Il16,16170,BM,h12
Cbln3,56410,BM,h12
Ephb6,13848,BM,h12
Hp,15439,BM,h12
Sdc4,20971,BM,h12
Orm1,18405,BM,h12
Orm2,18406,BM,h12
Orm3,18407,BM,h12
Ncam1,17967,BM,h12
Ctla2a,13024,BM,h12
Ptk7,71461,BM,h24
Il17ra,16172,BM,h24
Prok2,50501,BM,h24
Crispld2,78892,BM,h24
Crispld1,83691,BM,h24
Il17re,57890,BM,h24
Il33,77125,BM,h24
Erbb3,13867,BM,h24
Spock2,94214,BM,h24
Il34,76527,BM,h24
Nsun2,28114,BM,h24
Mmrn1,70945,BM,h24
Mmrn2,105450,BM,h24
Dpp4,13482,BM,h24
Fas,14102,BM,h24
Hnrnpa2b1,53379,BM,h24
Il1a,16175,BM,h24
Spon1,233744,BM,h24
Il1b,16176,BM,h24
Spon2,100689,BM,h24
Il15ra,16169,BM,h24
Il22,50929,BM,h24
Adamdec1,58860,BM,h24
Il27,246779,BM,h24
Postn,50706,BM,h24
AI182371,98870,BM,h24
Cpxm1,56264,BM,h24
Gzma,14938,BM,h24
Gzmb,14939,BM,h24
Prap1,22264,BM,h24
Nts,67405,BM,h24
Adipoq,11450,BM,h24
Apod,11815,BM,h24
Apoe,11816,BM,h24
Apof,103161,BM,h24
Cytl1,231162,BM,h24
Flrt1,396184,BM,h24
Apob,238055,BM,h24
Flrt3,71436,BM,h24
BC028528,229600,BM,h24
Apom,55938,BM,h24
Nucb2,53322,BM,h24
Apoo,68316,BM,h24
Scube2,56788,BM,h24
Apoh,11818,BM,h24
Pla2g1b,18778,BM,h24
Nucb1,18220,BM,h24
Pigr,18703,BM,h24
Flt1,14254,BM,h24
Ighd,380797,BM,h24
Olfml2a,241327,BM,h24
Flt4,14257,BM,h24
Olfml2b,320078,BM,h24
S100a9,20202,BM,h24
S100a8,20201,BM,h24
Mup9,100038948,BM,h24
Cd5l,11801,BM,h24
Col14a1,12818,BM,h24
Cxcl1,14825,BM,h24
Cxcl2,20310,BM,h24
Chl1,12661,BM,h24
Cxcl3,330122,BM,h24
Cx3cl1,20312,BM,h24
Mup3,17842,BM,h24
Aspn,66695,BM,h24
Cxcl5,20311,BM,h24
Mup2,17841,BM,h24
Abi3bp,320712,BM,h24
Serpina3k,20714,BM,h24
Pdgfrl,68797,BM,h24
Pla2g2d,18782,BM,h24
Serpina3m,20717,BM,h24
Pla2g2f,26971,BM,h24
Cxcl9,17329,BM,h24
Sorl1,20660,BM,h24
Serpina3n,20716,BM,h24
Serpina3g,20715,BM,h24
Pla2g2a,18780,BM,h24
Aebp1,11568,BM,h24
Serpina3i,628900,BM,h24
Serpina3j,238395,BM,h24
Serpina3b,271047,BM,h24
Fcgr2b,14130,BM,h24
Serpina3f,238393,BM,h24
She,214547,BM,h24
Serpina3c,16625,BM,h24
Pla2g10,26565,BM,h24
Pla2g15,192654,BM,h24
Galnt1,14423,BM,h24
Slamf1,27218,BM,h24
Cd8a,12525,BM,h24
Angpt1,11600,BM,h24
Gdf15,23886,BM,h24
Pzp,11287,BM,h24
Gdf10,14560,BM,h24
Gdf11,14561,BM,h24
Ighm,16019,BM,h24
Angpt2,11601,BM,h24
Hspg2,15530,BM,h24
Pla2g5,18784,BM,h24
Ccl21a,18829,BM,h24
Il22ra2,237310,BM,h24
Apln,30878,BM,h24
Nepn,66650,BM,h24
Pla2g7,27226,BM,h24
Pten,19211,BM,h24
Adam9,11502,BM,h24
Psg16,26436,BM,h24
Il1r1,16177,BM,h24
Dmbt1,12945,BM,h24
Ccl21c,65956,BM,h24
Il1r2,16178,BM,h24
Egfl6,54156,BM,h24
Thpo,21832,BM,h24
Cma1,17228,BM,h24
Egfl7,353156,BM,h24
F13b,14060,BM,h24
Lrg1,76905,BM,h24
Ace,11421,BM,h24
Col1a1,12842,BM,h24
Col1a2,12843,BM,h24
Serpina1e,20704,BM,h24
Serpina1f,68348,BM,h24
Igip,109169,BM,h24
Nxpe4,244853,BM,h24
Fuca2,66848,BM,h24
Treml4,224840,BM,h24
Sfn,55948,BM,h24
Pi15,94227,BM,h24
Prss57,73106,BM,h24
Pi16,74116,BM,h24
Igfbp3,16009,BM,h24
Jchain,16069,BM,h24
Igfbp2,16008,LU,h6
Igfbp5,16011,LU,h6
Ddr1,12305,LU,h6
Igfbp4,16010,LU,h6
Igfbp1,16006,LU,h6
Adm,11535,LU,h6
Col8a1,12837,LU,h6
Timp1,21857,LU,h6
Timp2,21858,LU,h6
Timp3,21859,LU,h6
Col4a5,12830,LU,h6
Pyy,217212,LU,h6
Tfrc,22042,LU,h6
Chga,12652,LU,h6
Clca4a,99663,LU,h6
Col4a1,12826,LU,h6
Col4a2,12827,LU,h6
Prss8,76560,LU,h6
Col4a3,12828,LU,h6
Col4a4,12829,LU,h6
Mfge8,17304,LU,h6
Cfb,14962,LU,h6
Defb29,75400,LU,h6
S100a13,20196,LU,h6
Cfh,12628,LU,h6
Cfi,12630,LU,h6
Cfd,11537,LU,h6
Plxnb1,235611,LU,h6
Cfp,18636,LU,h6
Afm,280662,LU,h6
Raet1e,379043,LU,h6
Pvr,52118,LU,h6
Sct,20287,LU,h6
Raet1d,56554,LU,h6
Defb37,353320,LU,h6
Igf1,16000,LU,h6
Agr2,23795,LU,h6
Retn,57264,LU,h6
Anxa2,12306,LU,h6
Pla1a,85031,LU,h6
Anxa1,16952,LU,h6
Cyb5d2,192986,LU,h6
Acpp,56318,LU,h6
Tfpi,21788,LU,h6
Pcolce,18542,LU,h6
Obscn,380698,LU,h6
Agt,11606,LU,h6
Igfbp6,16012,LU,h6
Igfbp7,29817,LU,h6
Flt3l,14256,LU,h6
Ptn,19242,LU,h6
Calca,12310,LU,h6
Agrn,11603,LU,h6
Wfdc12,192200,LU,h6
Notum,77583,LU,h6
Fbn1,14118,LU,h6
Col16a1,107581,LU,h6
Pth,19226,LU,h6
Ace2,70008,LU,h6
Lum,17022,LU,h6
Cpq,54381,LU,h6
Wfdc18,14038,LU,h6
Wfdc21,66107,LU,h6
Copa,12847,LU,h6
Tnfaip6,21930,LU,h6
Gfod1,328232,LU,h6
Apoa4,11808,LU,h6
Tgfbr3,21814,LU,h6
Apoa1,11806,LU,h6
Rnase2b,54159,LU,h6
Apoa2,11807,LU,h6
Apoa5,66113,LU,h6
Chil4,104183,LU,h6
Col12a1,12816,LU,h6
Chil1,12654,LU,h6
Metrnl,210029,LU,h6
Lifr,16880,LU,h6
Chil3,12655,LU,h6
Tinagl1,94242,LU,h6
Ltf,17002,LU,h6
Colq,382864,LU,h6
Pglyrp1,21946,LU,h6
Cd14,12475,LU,h6
Ltb,16994,LU,h6
Mgat5,107895,LU,h6
Lta,16992,LU,h6
Crhr2,12922,LU,h6
Trem2,83433,LU,h6
Gsn,227753,LU,h6
P3h1,56401,LU,h6
AU021092,239691,LU,h6
Egflam,268780,LU,h6
Fam3a,66294,LU,h12
Fam3c,27999,LU,h12
Gm525,217071,LU,h12
Fcrl5,329693,LU,h12
Tnxb,81877,LU,h12
Crp,12944,LU,h12
Gmfg,63986,LU,h12
Cyr61,16007,LU,h12
Colec11,71693,LU,h12
Colec10,239447,LU,h12
Grn,14824,LU,h12
Hdgf,15191,LU,h12
Adamts9,101401,LU,h12
Alb,11657,LU,h12
Abhd18,269423,LU,h12
Slit2,20563,LU,h12
Csn2,12991,LU,h12
Adamts1,11504,LU,h12
Adamts4,240913,LU,h12
Adamts5,23794,LU,h12
Adamts2,216725,LU,h12
Zg16,69036,LU,h12
Ache,11423,LU,h12
Cela1,109901,LU,h12
Cuta,67675,LU,h12
Sectm1a,209588,LU,h12
Cd40,21939,LU,h12
Sectm1b,58210,LU,h12
Tbl2,27368,LU,h12
Col6a1,12833,LU,h12
Col6a2,12834,LU,h12
Col6a3,12835,LU,h12
Serpina1a,20700,LU,h12
Tgfb3,21809,LU,h12
Serpina1b,20701,LU,h12
Serpina1c,20702,LU,h12
Serpina1d,20703,LU,h12
Pibf1,52023,LU,h12
Tgfb2,21808,LU,h12
Clu,12759,LU,h12
Tgfb1,21803,LU,h12
Plaur,18793,LU,h12
Csf2ra,12982,LU,h12
Cst3,13010,LU,h12
Tgfbi,21810,LU,h12
Spink1,20730,LU,h12
Serpina12,68054,LU,h12
Serpina11,380780,LU,h12
Wfdc1,67866,LU,h12
Spink4,20731,LU,h12
Wfdc2,67701,LU,h12
Lrch3,70144,LU,h12
Serpina10,217847,LU,h12
Spink5,72432,LU,h12
Bmp7,12162,LU,h12
Scgb3a1,68662,LU,h12
Scgb3a2,117158,LU,h12
Wfdc5,209232,LU,h12
Bmp6,12161,LU,h12
Dkk2,56811,LU,h12
Bmp4,12159,LU,h12
Dkk3,50781,LU,h12
Bmp3,110075,LU,h12
Bmp2,12156,LU,h12
Ang,11727,LU,h12
Bmp1,12153,LU,h12
Qsox1,104009,LU,h12
Ccl27b,100040048,LU,h12
Lpl,16956,LU,h12
Ccl27a,20301,LU,h12
Scgb1a1,22287,LU,h12
Lpo,76113,LU,h12
Nid1,18073,LU,h12
Eln,13717,LU,h12
Cst7,13011,LU,h12
Cst6,73720,LU,h12
Lox,16948,LU,h12
Rnpep,215615,LU,h12
Csf3r,12986,LU,h12
Pira2,18725,LU,h12
Cd55,13136,LU,h12
Aggf1,66549,LU,h12
Siglecg,243958,LU,h12
Mug2,17837,LU,h12
Mug1,17836,LU,h12
Col27a1,373864,LU,h12
Cd63,12512,LU,h12
Il1f8,69677,LU,h12
Il1f9,215257,LU,h12
Cxcl17,232983,LU,h12
Cxcl14,57266,LU,h12
Cxcl13,55985,LU,h12
Cxcl16,66102,LU,h12
Cxcl15,20309,LU,h12
Clps,109791,LU,h12
Cxcl11,56066,LU,h12
Sdcbp,53378,LU,h12
Cxcl12,20315,LU,h12
Cxcl10,15945,LU,h12
Htra1,56213,LU,h12
Nov,18133,LU,h12
Htra4,330723,LU,h12
Cd44,12505,LU,h12
Htra3,78558,LU,h12
Cpe,12876,LU,h12
Scgb1c1,338417,LU,h12
Dmkn,73712,LU,h12
Clcf1,56708,LU,h12
Urah,76974,LU,h12
Azgp1,12007,LU,h12
Gm13306,100039863,LU,h12
Gm21541,100862177,LU,h12
Gm13304,100504346,LU,h12
Nampt,59027,LU,h12
Tff2,21785,LU,h12
Tff3,21786,LU,h12
Umod,22242,LU,h12
Twsg1,65960,LU,h12
Ggh,14590,LU,h12
Muc1,17829,LU,h12
A2m,232345,LU,h12
Muc2,17831,LU,h12
Tnfsf13b,24099,LU,h12
C1qbp,12261,LU,h12
Lama5,16776,LU,h12
Ctgf,14219,LU,h12
Lama2,16773,LU,h12
Ceacam10,26366,LU,h12
Fibin,67606,LU,h12
Lama4,16775,LU,h12
Muc4,140474,LU,h12
Lama3,16774,LU,h12
Habp2,226243,LU,h12
Reln,19699,LU,h12
Cxadr,13052,LU,h12
Lipg,16891,LU,h12
Psors1c2,57390,LU,h12
Lipc,15450,LU,h12
Nlrp3,216799,LU,h12
Hhip,15245,LU,h12
Guca2a,14915,LU,h12
Bmper,73230,LU,h12
Guca2b,14916,LU,h12
Btd,26363,LU,h12
St3gal1,20442,LU,h12
Endod1,71946,LU,h12
St3gal2,20444,LU,h12
Smoc2,64074,LU,h12
Btc,12223,LU,h12
Ogn,18295,LU,h12
Il6ra,16194,LU,h12
Chid1,68038,LU,h12
Ebi3,50498,LU,h12
Nrp2,18187,LU,h12
Nrp1,18186,LU,h12
Clec3b,21922,LU,h12
Hbegf,15200,LU,h12
Il6st,16195,LU,h12
Emilin2,246707,LU,h12
Nectin1,58235,LU,h12
Crlf2,57914,LU,h12
Emilin1,100952,LU,h12
Pla2g12a,66350,LU,h12
Pla2g12b,69836,LU,h12
Sostdc1,66042,LU,h12
Erap1,80898,LU,h12
Ptprs,19280,LU,h12
Il23a,83430,LU,h12
Rnase4,58809,LU,h12
Rspry1,67610,LU,h12
Rnase6,78416,LU,h12
Il6,16193,LU,h12
Il7,16196,LU,h12
Enpp2,18606,LU,h12
Pnliprp2,18947,LU,h12
Ccl3,20302,LU,h12
Akr1b10,67861,LU,h12
Enpp3,209558,LU,h12
Ccl2,20296,LU,h24
Pm20d1,212933,LU,h24
Folr1,14275,LU,h24
Enpp5,83965,LU,h24
Ccl9,20308,LU,h24
Adamtsl5,66548,LU,h24
Adamtsl4,229595,LU,h24
Ccl8,20307,LU,h24
Prelp,116847,LU,h24
Ccl5,20304,LU,h24
Ccl4,20303,LU,h24
Ccl7,20306,LU,h24
Ccl6,20305,LU,h24
Klk6,19144,LU,h24
Sfta2,433102,LU,h24
Smim20,66278,LU,h24
Klk8,259277,LU,h24
Mfap4,76293,LU,h24
Wnt16,93735,LU,h24
Mfap5,50530,LU,h24
Klk1,16612,LU,h24
Mfap2,17150,LU,h24
Thbs4,21828,LU,h24
Cndp1,338403,LU,h24
Thbs3,21827,LU,h24
Thbs2,21826,LU,h24
Thbs1,21825,LU,h24
Emc10,69683,LU,h24
Inhbc,16325,LU,h24
Lamb2,16779,LU,h24
Lamb3,16780,LU,h24
Inhba,16323,LU,h24
Inhbb,16324,LU,h24
Ccl12,20293,LU,h24
Lypd8,70163,LU,h24
Ccl11,20292,LU,h24
Lamb1,16777,LU,h24
Dnase1,13419,LU,h24
Wnt2,22413,LU,h24
Ccl17,20295,LU,h24
Wnt4,22417,LU,h24
Ccl19,24047,LU,h24
Itih2,16425,LU,h24
Itih3,16426,LU,h24
Itih4,16427,LU,h24
Ghr,14600,LU,h24
Ihh,16147,LU,h24
Itih5,209378,LU,h24
Itih1,16424,LU,h24
Grem1,23892,LU,h24
Grem2,23893,HE,h6
Muc5b,74180,HE,h6
Frzb,20378,HE,h6
Aoah,27052,HE,h6
Ccl20,20297,HE,h6
Fam177a,73385,HE,h6
Gip,14607,HE,h6
Ccl25,20300,HE,h6
Aoc1,76507,HE,h6
Aoc3,11754,HE,h6
Lamc1,226519,HE,h6
Ccl22,20299,HE,h6
Lamc2,16782,HE,h6
Ccl28,56838,HE,h6
Ssc4d,109267,HE,h6
Gsdmd,69146,HE,h6
Chia1,81600,HE,h6
Fcgr4,246256,HE,h6
Mcpt8,17231,HE,h6
Wfdc15b,192201,HE,h6
Mdk,17242,HE,h6
Cfhr1,50702,HE,h6
Lgals3bp,19039,HE,h6
Gars,353172,HE,h6
Pon2,330260,HE,h6
Pon1,18979,HE,h6
Scrg1,20284,HE,h6
Pon3,269823,HE,h6
Ambp,11699,HE,h6
Ighg3,380795,HE,h6
Angptl1,72713,HE,h6
Egf,13645,HE,h6
Angptl2,26360,HE,h6
Angptl3,30924,HE,h6
Olr1,108078,HE,h6
Txlna,109658,HE,h6
Angptl4,57875,HE,h6
Angptl7,654812,HE,h6
Ager,11596,HE,h6
Adamts10,224697,HE,h6
Gas6,14456,HE,h6
Met,17295,HE,h6
Sod3,20657,HE,h6
Tnfsf15,326623,HE,h6
Tnfsf14,50930,HE,h6
Adamts15,235130,HE,h6
Slurp1,57277,HE,h6
Vcan,13003,HE,h6
Tmem25,71687,HE,h6
Tnfsf10,22035,HE,h6
Tmprss2,50528,HE,h6
Hspb6,243912,HE,h6
Ide,15925,HE,h6
Fam20a,208659,HE,h6
Art4,109978,HE,h6
Fam20c,80752,HE,h6
Mgp,17313,HE,h6
Cnpy4,66455,HE,h6
Arsi,545260,HE,h6
Npnt,114249,HE,h6
Cpb2,56373,HE,h6
Hgfac,54426,HE,h6
Akr1b7,11997,HE,h6
Arsk,77041,HE,h6
Gfer,11692,HE,h6
Plod3,26433,HE,h6
Akr1b8,14187,HE,h6
Icam4,78369,HE,h6
Reg4,67709,HE,h6
Hpse,15442,HE,h6
Txn1,22166,HE,h6
Ahsg,11625,HE,h6
Efna1,13636,HE,h6
Clca1,23844,HE,h6
Oaf,102644,HE,h6
Col3a1,12825,HE,h6
Qpct,70536,HE,h6
Tmem98,103743,HE,h6
Lgals1,16852,HE,h6
Muc13,17063,HE,h6
Lgals3,16854,HE,h6
Alcam,11658,HE,h6
Endou,19011,HE,h6
Lgals9,16859,HE,h6
Lgals7,16858,HE,h6
Crtap,56693,HE,h6
Pcsk9,100102,HE,h6
Cd6,12511,HE,h6
Pcsk6,18553,HE,h6
Pcsk5,18552,HE,h6
Gcg,14526,HE,h6
Kap,16483,HE,h6
Leap2,259301,HE,h6
Cd9,12527,HE,h6
Kazald1,107250,HE,h6
Saa1,20208,HE,h6
Saa2,20209,HE,h6
Hsp90ab1,15516,HE,h6
Ybx1,22608,HE,h6
Lyz1,17110,HE,h6
Lyz2,17105,HE,h6
Ctf2,244218,HE,h6
Ifnar2,15976,HE,h6
Cd160,54215,HE,h6
Cd163,93671,HE,h6
Apol9a,223672,HE,h6
Apol9b,71898,HE,h6
Saa4,20211,HE,h6
Saa3,20210,HE,h6
Gltpd2,216871,HE,h6
Vwf,22371,HE,h6
Havcr2,171285,HE,h6
Kitl,17311,HE,h6
Serpine1,18787,HE,h6
Serpine2,20720,HE,h6
Creg1,433375,HE,h6
St6gal1,20440,HE,h6
Igsf10,242050,HE,h6
Dhrs4,28200,HE,h6
Ly6k,76486,HE,h6
F10,14058,HE,h6
Kdr,16542,HE,h6
Ly86,17084,HE,h6
Kars,85305,HE,h6
Serping1,12258,HE,h6
Il4ra,16190,HE,h6
Serpinf1,20317,HE,h6
Serpinf2,18816,HE,h6
Ndnf,68169,HE,h6
Mstn,17700,HE,h6
Svep1,64817,HE,h6
Gpld1,14756,HE,h6
Casp4,12363,HE,h6
Lepr,16847,HE,h6
Lect2,16841,HE,h6
Fst,14313,HE,h6
Calu,12321,HE,h6
Gm15448,100041146,HE,h6
Adpgk,72141,HE,h6
Hmcn1,545370,HE,h6
Sfrp1,20377,HE,h6
Sfrp2,20319,HE,h6
Atrn,11990,HE,h6
Ptgds,19215,HE,h6
Tcn2,21452,HE,h6
Lilr4b,14727,HE,h6
Camp,12796,HE,h6
Psap,19156,HE,h6
Cilp,214425,HE,h6
Mst1,15235,HE,h6
Sftpd,20390,HE,h6
Lad1,16763,HE,h6
Sftpc,20389,HE,h6
Sftpb,20388,HE,h6
Mif,17319,HE,h6
Fabp5,16592,HE,h6
Apol10a,245282,HE,h6
Apol10b,328561,HE,h6
Gnptg,214505,HE,h6
Serpina7,331535,HE,h6
Serpina6,12401,HE,h6
Defa17,23855,HE,h6
Plac9a,211623,HE,h6
Plac9b,100039246,HE,h6
Ceacam2,26367,HE,h6
Col5a1,12831,HE,h6
Ceacam1,26365,HE,h6
Col5a2,12832,HE,h6
Ntn4,57764,HE,h6
Gm14851,634825,HE,h6
Defa30,100038927,HE,h6
Lcat,16816,HE,h6
Nbl1,17965,HE,h6
Serpinb5,20724,HE,h6
Defa29,13218,HE,h6
Tfpi2,21789,HE,h6
Defa26,626708,HE,h6
Igfals,16005,HE,h6
Spp2,75396,HE,h6
Edil3,13612,HE,h6
Serpinb2,18788,HE,h6
Spp1,20750,HE,h6
Dag1,13138,HE,h6
Snca,20617,HE,h6
C1ra,50909,HE,h6
C1rb,667277,HE,h6
Lilrb4a,14728,HE,h6
Cpn1,93721,HE,h6
Rarres2,71660,HE,h6
Cpn2,71756,HE,h6
C1qc,12262,HE,h6
Mmp9,17395,HE,h6
Mmp8,17394,HE,h6
Mmp7,17393,HE,h6
C1s1,50908,HE,h6
Mmp3,17392,HE,h6
B4galt1,14595,HE,h6
Mmp2,17390,HE,h6
Fstl3,83554,HE,h6
Serpinc1,11905,HE,h6
Fstl1,14314,HE,h6
Tnfsf8,21949,HE,h6
Fcmr,69169,HE,h6
Apol11b,328563,HE,h6
C1qa,12259,HE,h6
C1qb,12260,HE,h6
Creld2,76737,HE,h6
Sparc,20692,HE,h6
Masp2,17175,HE,h6
Ifi30,65972,HE,h6
Fcnb,14134,HE,h6
Masp1,17174,HE,h6
Fcna,14133,HE,h6
Vtn,22370,HE,h6
Xylt1,233781,HE,h6
Bgn,12111,HE,h6
Serpind1,15160,HE,h6
Col15a1,12819,HE,h6
Bpifa1,18843,HE,h6
Fgl1,234199,HE,h6
Tsku,244152,HE,h6
Fgl2,14190,HE,h6
Cd8b1,12526,HE,h6
Ccdc134,76457,HE,h6
Reg3a,19694,HE,h6
Reg3b,18489,HE,h6
Reg3g,19695,HE,h6
Pkdcc,106522,HE,h6
Tnf,21926,HE,h6
Mgat4a,269181,HE,h6
Tnc,21923,HE,h6
Adam17,11491,HE,h6
C1rl,232371,HE,h6
Dnase1l3,13421,HE,h6
Tslp,53603,HE,h6
Scpep1,74617,HE,h6
P4hb,18453,HE,h6
Fn1,14268,HE,h6
Adam23,23792,HE,h6
Epor,13857,HE,h6
Ppt1,19063,HE,h6
Slpi,20568,HE,h6
Adam28,13522,HE,h6
Glt1d1,319804,HE,h6
Gdf2,12165,HE,h6
Ulbp1,77777,HE,h6
Edn2,13615,HE,h6
Edn1,13614,HE,h6
Il18bp,16068,HE,h6
Mep1b,17288,HE,h6
Fcer2a,14128,HE,h6
Cklf,75458,HE,h6
Adgre5,26364,HE,h6
Mydgf,28106,HE,h6
Mmp25,240047,HE,h6
Pradc1,73327,HE,h6
Entpd5,12499,HE,h6
Entpd6,12497,HE,h6
Manf,74840,HE,h6
Nrg4,83961,HE,h6
Itfg1,71927,HE,h6
Bpifb1,228801,HE,h6
Wisp2,22403,HE,h6
Sema3g,218877,HE,h6
Sema3e,20349,HE,h6
Sema3d,108151,HE,h6
Asgr1,11889,HE,h12
Sema3c,20348,HE,h12
Mamdc2,71738,HE,h12
Mmp10,17384,HE,h12
Sema3a,20346,HE,h12
F13a1,74145,HE,h12
Svbp,69216,HE,h12
Ifng,15978,HE,h12
Mmp13,17386,HE,h12
Tex264,21767,HE,h12
C4bp,12269,HE,h12
Nrg1,211323,HE,h12
Mmp19,58223,HE,h12
Gm9780,100039175,HE,h12
Ctsd,13033,HE,h12
Klkb1,16621,HE,h12
Defb6,116746,HE,h12
Ctsb,13030,HE,h12
Adgrg1,14766,HE,h12
C1qtnf9,239126,HE,h12
Ctsk,13038,HE,h12
Defb1,13214,HE,h12
Ndfip1,65113,HE,h12
Rbp4,19662,HE,h12
C1qtnf2,69183,HE,h12
C1qtnf3,81799,HE,h12
Ctss,13040,HE,h12
Hrg,94175,HE,h12
Serpinb1a,66222,HE,h12
C1qtnf7,109323,HE,h12
Ctsw,13041,HE,h24
Trf,22041,HE,h24
Dpt,56429,HE,h24
Col7a1,12836,HE,h24
Ccdc80,67896,HE,h24
Hpn,15451,HE,h24
Luzp2,233271,HE,h24
Hilpda,69573,HE,h24
Lilra6,18726,HE,h24
Gpha2,170458,HE,h24
Fmod,14264,HE,h24
Hpx,15458,HE,h24
Lilra5,232801,HE,h24
Ifnb1,15977,HE,h24
Itm2b,16432,HE,h24
Pltp,18830,HE,h24
Pappa,18491,HE,h24
Ttr,22139,HE,h24
Hyal1,15586,HE,h24
Fgf2,14173,HE,h24
Fgf1,14164,HE,h24
Igll1,16136,HE,h24
Enho,69638,HE,h24
Gpx6,75512,HE,h24
Gpx3,14778,HE,h24
Vwa1,246228,HE,h24
Sftpa1,20387,HE,h24
Fgfbp1,14181,HE,h24
Vegfd,14205,HE,h24
Ifna2,15965,HE,h24
Vegfb,22340,HE,h24
Vegfc,22341,HE,h24
Vegfa,22339,HE,h24
Bche,12038,HE,h24
Krtdap,64661,HE,h24
Npc2,67963,HE,h24
Lcn2,16819,HE,h24
Furin,18550,HE,h24
C1qtnf12,67389,HE,h24
C9orf72,73205,HE,h24
Cnmd,16840,HE,h24
Gatd1,213350,HE,h24
Gm44805,105886299,HE,h24
Naxe,246703,HE,h24
Selenop,20363,HE,h24